1,danny,014-3839450,blanket,3,3,Tesla,10,Reserved
2,Megat,012-0000002,water,2,2,Bezoz,20,Collected
3,Megat,012-0000002,water,3,3,Petronas,10,Collected
4,Harith,013-0000003,biscuit,3,3,Unicef,25,Reserved
5,Razlan,014-0000004,biscuit,2,2,Unicef,25,Reserved
6,Fahim,015-0000005,rice,10,10,Starbucks,10,Reserved
7,Goh,016-0000006,rice,15,15,Mcd,20,Reserved
8,Goh,016-0000006,rice,5,5,Starbucks,10,Reserved
9,Lee,017-0000007,rice,25,25,Mcd,20,Reserved
10,danny,014-3839450,water,3,3,Tesla,10,Reserved
